Decade,CountryDescription,CountryCode,FertilizerKgHa,PesticideKgHa,RyeActualYield,BarleyActualYield,WheatActualYield,IncompleteWarning,InsertedBy
80,Albania,ALB,176.165803108808,0.17,0.6699999999999999,1.0,3.0199999999999996,N,xyz
90,Albania,ALB,28.479001877027695,0.319,1.217,1.6250000000000004,2.622,N,xyz
00,Albania,ALB,86.98743918948941,0.5509999999999999,2.0520000000000005,2.7720000000000002,3.377,N,xyz
10,Albania,ALB,100.23853963865186,0.7685714285714286,2.3614285714285717,2.8571428571428577,4.051428571428572,N,xyz
80,Algeria,DZA,17.9353198700748,0.61,,0.7599999999999998,0.6299999999999999,Y,xyz
90,Algeria,DZA,12.090417757159765,0.309,,0.877,0.9550000000000001,Y,xyz
00,Algeria,DZA,12.893085522524995,0.371,,1.3429999999999997,1.346,Y,xyz
10,Algeria,DZA,21.493531301995173,0.7814285714285714,,1.2342857142857142,1.5257142857142856,Y,xyz
80,Angola,AGO,3.27586206896552,0.02,,,0.8000000000000003,Y,xyz
90,Angola,AGO,1.9438983050847454,0.024,,,1.2760000000000002,Y,xyz
00,Angola,AGO,4.370668319820598,0.01,,,1.1466666666666667,Y,xyz
10,Angola,AGO,9.335358476521305,0.01,,,1.0242857142857145,Y,xyz
80,Argentina,ARG,6.22765757290687,0.95,0.8100000000000005,2.1899999999999995,1.8900000000000006,N,xyz
90,Argentina,ARG,21.340843796620454,1.7600000000000002,0.9870000000000003,2.415,2.2170000000000005,N,xyz
00,Argentina,ARG,37.29078099346288,4.351,1.3300000000000005,2.9829999999999997,2.4600000000000004,N,xyz
10,Argentina,ARG,36.897545157837385,5.155714285714287,1.7742857142857145,3.382857142857143,3.002857142857143,N,xyz
82,Armenia,ARM,59.1016548463357,0.02,0.9100000000000001,1.63,2.16,N,xyz
92,Armenia,ARM,19.80810807936809,0.096,1.496,1.174,2.0930000000000004,N,xyz
02,Armenia,ARM,68.30815814054274,0.445,2.0580000000000003,1.996,2.24,N,xyz
12,Armenia,ARM,185.8801358338852,0.55,2.656,2.6079999999999997,3.024,N,xyz
80,Australia,AUS,68.9170287803727,1.04,0.7000000000000002,1.6800000000000002,1.63,N,xyz
90,Australia,AUS,97.62274823395668,1.426,0.6260000000000001,1.816,1.791,N,xyz
00,Australia,AUS,86.10232502656326,1.409,0.5780000000000002,1.717,1.564,N,xyz
10,Australia,AUS,78.2661323544426,1.6742857142857142,0.6728571428571428,2.2528571428571427,2.0642857142857145,N,xyz
80,Austria,AUT,212.692847124825,2.82,4.26,5.2,5.050000000000001,N,xyz
90,Austria,AUT,176.8967494615311,2.477,3.8340000000000005,4.5280000000000005,5.016,N,xyz
00,Austria,AUT,124.42583164154034,2.402,3.8560000000000003,4.6,5.086,N,xyz
10,Austria,AUT,132.61616358377114,2.5885714285714285,4.390000000000001,5.464285714285714,5.442857142857144,N,xyz
82,Azerbaijan,AZE,44.0011733646231,0.07,1.4699999999999998,2.01,2.1699999999999995,N,xyz
92,Azerbaijan,AZE,13.460453943442383,0.07,1.1099999999999999,1.7169999999999999,1.9279999999999997,N,xyz
02,Azerbaijan,AZE,13.590876643004487,0.125,1.175,2.293,2.53,N,xyz
12,Azerbaijan,AZE,36.71377204758676,0.238,1.9140000000000001,2.488,2.812,N,xyz
80,Bahrain,BHR,301.0,3.51,,,,Y,xyz
90,Bahrain,BHR,315.35,2.81,,,,Y,xyz
00,Bahrain,BHR,1474.221325352555,2.2359999999999998,,,,Y,xyz
10,Bahrain,BHR,2031.1633928571428,1.99,,,,Y,xyz
80,Bangladesh,BGD,98.7332910321489,0.13,,0.0,0.0,Y,xyz
90,Bangladesh,BGD,133.9104177512721,0.215,,0.0,0.0,Y,xyz
00,Bangladesh,BGD,187.1398467440149,1.01,,0.0,0.0,Y,xyz
10,Bangladesh,BGD,277.44423191843646,1.7085714285714286,,0.0,0.0,Y,xyz
82,Belarus,BLR,229.289940828402,0.78,3.0599999999999996,2.6600000000000006,2.8000000000000003,N,xyz
92,Belarus,BLR,123.36715171333609,0.788,2.042,2.2140000000000004,2.2969999999999997,N,xyz
02,Belarus,BLR,226.4835589974492,0.881,2.396,3.0840000000000005,3.249,N,xyz
12,Belarus,BLR,190.963814671412,0.722,2.61,3.2400000000000007,3.5799999999999996,N,xyz
80,Belize,BLZ,98.0769230769231,10.01,,,,Y,xyz
90,Belize,BLZ,87.0492796872334,12.217,,,,Y,xyz
00,Belize,BLZ,136.1402238948267,10.403,,,,Y,xyz
10,Belize,BLZ,323.9178444333446,8.56857142857143,,,,Y,xyz
80,Bhutan,BTN,0.740740740740741,0.03,,1.0300000000000002,0.7700000000000005,Y,xyz
90,Bhutan,BTN,0.7045484638763627,0.08714285714285715,,1.0342857142857145,1.202857142857143,Y,xyz
00,Bhutan,BTN,10.766021061260039,0.03777777777777778,,1.3700000000000003,1.4677777777777778,Y,xyz
10,Bhutan,BTN,15.514504360440128,0.08,,1.5728571428571434,2.122857142857143,Y,xyz
80,Bolivia,BOL,2.45809523809524,0.99,0.5800000000000001,0.6800000000000002,0.6499999999999995,N,xyz
90,Bolivia,BOL,3.4333592216170223,0.7140000000000001,0.681,0.6960000000000001,0.8919999999999997,N,xyz
00,Bolivia,BOL,4.988621926984412,1.765,0.873,0.7920000000000001,1.1009999999999995,N,xyz
10,Bolivia,BOL,8.467770763604028,3.1142857142857143,0.8214285714285714,0.8671428571428572,1.1585714285714281,N,xyz
80,Brazil,BRA,67.7608787494719,0.88,0.0,0.0,1.15,N,xyz
90,Brazil,BRA,112.59722370210599,1.8530000000000002,0.0,0.0,1.599,N,xyz
00,Brazil,BRA,189.00599153542322,4.107,0.0,0.0,2.114,N,xyz
10,Brazil,BRA,261.13267982024456,5.845714285714286,0.0,0.0,2.5142857142857147,N,xyz
80,Brunei,BRN,2100.0,0.35,,,,Y,xyz
90,Brunei,BRN,1983.3333333333333,0.3499999999999999,,,,Y,xyz
00,Brunei,BRN,220.93518518518522,1.3022222222222224,,,,Y,xyz
10,Brunei,BRN,120.4,1.3771428571428572,,,,Y,xyz
80,Bulgaria,BGR,177.619294605809,0.94,2.0100000000000002,3.8500000000000005,4.55,N,xyz
90,Bulgaria,BGR,53.55092272076748,0.829,1.4890000000000003,2.7690000000000006,2.8689999999999998,N,xyz
00,Bulgaria,BGR,96.27360397873656,0.628,1.7040000000000002,3.0180000000000002,3.195,N,xyz
10,Bulgaria,BGR,117.02566518581993,0.5428571428571429,1.9171428571428575,4.0,4.39,N,xyz
80,Burkina Faso,BFA,6.03880171184023,0.01,,,,Y,xyz
90,Burkina Faso,BFA,8.353736978322663,0.012,,,,Y,xyz
00,Burkina Faso,BFA,9.089489665199542,0.024,,,,Y,xyz
10,Burkina Faso,BFA,15.978187559220643,0.14,,,,Y,xyz
80,Burundi,BDI,2.25806451612903,0.07,,,0.75,Y,xyz
90,Burundi,BDI,3.412656180387482,0.09,,,0.7600000000000001,Y,xyz
00,Burundi,BDI,2.2916986639201773,0.20800000000000002,,,0.8130000000000003,Y,xyz
10,Burundi,BDI,10.29305476190476,0.1285714285714286,,,0.5571428571428573,Y,xyz
80,Cameroon,CMR,3.67003367003367,0.13,,,1.5,Y,xyz
90,Cameroon,CMR,5.5310640967796525,0.089,,,1.3220000000000003,Y,xyz
00,Cameroon,CMR,8.624899149213316,0.122,,,1.3460000000000003,Y,xyz
10,Cameroon,CMR,11.230503917050696,0.18,,,1.3200000000000003,Y,xyz
80,Canada,CAN,50.1330045688592,0.71,1.7599999999999998,2.97,2.2800000000000002,N,xyz
90,Canada,CAN,60.724297725666965,0.844,2.0229999999999997,2.9859999999999998,2.286,N,xyz
00,Canada,CAN,68.23194829086503,1.099,2.2589999999999995,2.962,2.477,N,xyz
10,Canada,CAN,101.31104219984634,2.0628571428571427,2.754285714285714,3.278571428571429,2.81,N,xyz
80,Chile,CHL,109.451106352605,5.04,2.6999999999999997,3.4800000000000004,2.9499999999999997,N,xyz
90,Chile,CHL,198.99810099745292,6.337,2.421,3.5330000000000004,3.6279999999999992,N,xyz
00,Chile,CHL,452.17074053105887,5.5920000000000005,3.4019999999999997,4.531000000000001,4.528999999999999,N,xyz
10,Chile,CHL,362.6360533569747,5.615714285714286,4.444285714285714,4.7299999999999995,5.411428571428571,N,xyz
80,China,CHN,219.099300294824,5.87,1.4899999999999998,2.8099999999999996,3.19,N,xyz
90,China,CHN,269.9379897372291,8.187999999999999,1.6509999999999998,2.625,3.6129999999999995,N,xyz
00,China,CHN,363.98178489538475,12.23,2.247,3.6689999999999996,4.35,N,xyz
10,China,CHN,450.68427678090745,14.037142857142857,3.467142857142857,3.6585714285714284,5.13,N,xyz
80,Congo,COG,3.28810020876827,0.05,,,,Y,xyz
90,Congo,COG,6.646582121609262,0.036,,,,Y,xyz
00,Congo,COG,2.304182773109244,0.0075,,,,Y,xyz
10,Congo,COG,2.1257640284244057,0.0,,,,Y,xyz
80,Cote d'Ivoire,CIV,15.2263374485597,0.0,,,,Y,xyz
90,Cote d'Ivoire,CIV,23.39452995853193,0.009,,,,Y,xyz
00,Cote d'Ivoire,CIV,24.22669581280788,0.01,,,,Y,xyz
10,Cote d'Ivoire,CIV,33.85977279615296,0.01,,,,Y,xyz
82,Croatia,HRV,151.420792079208,1.74,2.69,3.25,3.9,N,xyz
92,Croatia,HRV,202.45726058390443,2.6079999999999997,2.708,3.1559999999999997,4.078,N,xyz
02,Croatia,HRV,315.03629857676503,2.108,2.749,3.6450000000000005,4.676,N,xyz
12,Croatia,HRV,173.46582776661802,2.106,2.9899999999999998,4.292,5.176,N,xyz
80,Cyprus,CYP,215.265151515152,13.95,,0.0,0.0,Y,xyz
90,Cyprus,CYP,224.92777515320208,12.488,,0.0,0.0,Y,xyz
00,Cyprus,CYP,142.3435316024808,4.793,,0.0,0.0,Y,xyz
10,Cyprus,CYP,175.05567114789528,7.241428571428571,,0.0,0.0,Y,xyz
83,Czechia,CZE,91.9276710684274,1.04,3.81,3.8000000000000003,4.24,N,xyz
93,Czechia,CZE,98.16714567569981,1.2730000000000001,3.5060000000000002,3.748,4.481,N,xyz
03,Czechia,CZE,103.23578724763027,1.686,4.508,4.336,5.192,N,xyz
13,Czechia,CZE,183.44374998729475,1.775,4.984999999999999,5.487500000000001,6.26,N,xyz
80,Denmark,DNK,247.24716907458,2.2,5.0200000000000005,5.53,7.42,N,xyz
90,Denmark,DNK,187.28999242741028,1.6330000000000002,4.816,5.006,7.009,N,xyz
00,Denmark,DNK,132.892733221993,1.3960000000000001,4.928,5.156000000000001,7.0969999999999995,N,xyz
10,Denmark,DNK,123.90211401758586,1.3900000000000001,5.298571428571429,5.682857142857143,7.251428571428571,N,xyz
80,Ecuador,ECU,42.4071072319202,0.87,0.29000000000000004,0.8000000000000007,0.7999999999999998,N,xyz
90,Ecuador,ECU,77.77509582968284,2.513,0.5249999999999996,0.6670000000000001,0.6340000000000001,N,xyz
00,Ecuador,ECU,198.6269308203623,6.590999999999999,0.6789999999999995,0.6020000000000002,0.761,N,xyz
10,Ecuador,ECU,289.7785898443498,9.974285714285715,0.6199999999999998,0.9542857142857145,1.012857142857143,N,xyz
80,Egypt,EGY,419.853765323993,4.99,0.0,2.66,4.65,N,xyz
90,Egypt,EGY,393.89337039542045,1.629,0.0,2.173,4.65,N,xyz
00,Egypt,EGY,511.7123535331625,2.127,0.0,2.269,4.65,N,xyz
10,Egypt,EGY,527.4212565846327,2.93,0.0,2.302857142857143,4.65,N,xyz
80,El Salvador,SLV,135.992727272727,3.12,,,,Y,xyz
90,El Salvador,SLV,133.6910643356372,4.007,,,,Y,xyz
00,El Salvador,SLV,116.43833838014443,2.873,,,,Y,xyz
10,El Salvador,SLV,133.23993616786376,5.247142857142857,,,,Y,xyz
83,Eritrea,ERI,1.40562248995984,0.01,,0.2200000000000002,0.20000000000000018,Y,xyz
93,Eritrea,ERI,10.753457136075436,0.038,,0.6090000000000002,0.582,Y,xyz
03,Eritrea,ERI,1.3357117509991423,0.04111111111111111,,1.128888888888889,1.0333333333333332,Y,xyz
13,Eritrea,ERI,2.2850905797101477,0.04,,1.4400000000000002,1.0499999999999998,Y,xyz
82,Estonia,EST,101.085201793722,0.42,2.4699999999999998,1.1199999999999997,2.0600000000000005,N,xyz
92,Estonia,EST,39.10208860277628,0.267,1.924,1.8159999999999996,1.9930000000000003,N,xyz
02,Estonia,EST,75.91895253017876,0.741,2.463,2.4869999999999997,2.9280000000000004,N,xyz
12,Estonia,EST,83.39097433360004,0.9339999999999999,2.668,3.5419999999999994,3.806,N,xyz
83,Ethiopia,ETH,7.59,0.02,,1.3599999999999999,1.5499999999999998,Y,xyz
93,Ethiopia,ETH,14.17474552297131,0.05,,1.038,1.2689999999999997,Y,xyz
03,Ethiopia,ETH,17.47568830913555,0.196,,1.4760000000000002,1.8089999999999997,Y,xyz
13,Ethiopia,ETH,30.5856328111143,0.24,,2.0925000000000002,2.7075,Y,xyz
80,Finland,FIN,195.09453920402,0.88,2.86,3.31,3.4800000000000004,N,xyz
90,Finland,FIN,147.8361786403176,0.54,2.359,3.0940000000000003,3.37,N,xyz
00,Finland,FIN,125.88625635545063,0.7060000000000001,2.45,3.278,3.6050000000000004,N,xyz
10,Finland,FIN,88.20404645138242,0.6985714285714285,2.75,3.31,3.9571428571428577,N,xyz
80,France,FRA,319.531285142369,5.14,3.64,5.680000000000001,6.48,N,xyz
90,France,FRA,265.212185604088,5.08,4.226000000000001,5.9830000000000005,6.8469999999999995,N,xyz
00,France,FRA,189.02217608831,3.9370000000000003,4.679,6.288,6.947,N,xyz
10,France,FRA,163.41765289755787,3.5100000000000002,4.661428571428572,6.2700000000000005,6.94,N,xyz
80,French Polynesia,PYF,450.0,1.8,,,,Y,xyz
90,French Polynesia,PYF,388.1333333333332,1.8,,,,Y,xyz
00,French Polynesia,PYF,295.5133333333333,1.8210000000000002,,,,Y,xyz
10,French Polynesia,PYF,270.0462857142857,1.2214285714285715,,,,Y,xyz
80,Gambia,GMB,3.20855614973262,0.18,,,,Y,xyz
90,Gambia,GMB,5.400603820710078,0.344,,,,Y,xyz
00,Gambia,GMB,7.513810282887487,2.131111111111111,,,,Y,xyz
10,Gambia,GMB,2.2035404040404107,1.3157142857142858,,,,Y,xyz
80,Germany,DEU,279.901428452093,2.52,3.7799999999999994,5.36,6.27,N,xyz
90,Germany,DEU,243.41797754201997,2.535,4.935,5.5680000000000005,6.9590000000000005,N,xyz
00,Germany,DEU,205.37716523171088,3.127,4.960999999999999,5.984,7.358,N,xyz
10,Germany,DEU,198.458963846333,3.8228571428571425,5.25,6.412857142857143,7.591428571428572,N,xyz
80,Ghana,GHA,4.81481481481481,0.02,,,,Y,xyz
90,Ghana,GHA,3.751554914088058,0.05600000000000001,,,,Y,xyz
00,Ghana,GHA,12.747493140750304,0.036,,,,Y,xyz
10,Ghana,GHA,24.466941940137044,0.05,,,,Y,xyz
80,Greece,GRC,240.082787167989,1.87,1.8499999999999996,1.7400000000000002,1.9299999999999997,N,xyz
90,Greece,GRC,187.6557709849924,2.1710000000000003,2.104,2.4880000000000004,2.556,N,xyz
00,Greece,GRC,132.2554159932249,2.378,2.2459999999999996,2.479,2.44,N,xyz
10,Greece,GRC,126.25120316049242,2.565714285714286,2.184285714285714,2.777142857142857,2.8042857142857143,N,xyz
80,Guatemala,GTM,90.0,6.73,,0.7900000000000005,1.9999999999999996,Y,xyz
90,Guatemala,GTM,132.8999968073108,6.045,,2.1640000000000006,2.0359999999999996,Y,xyz
00,Guatemala,GTM,127.19731163177354,6.235,,2.172,2.2199999999999998,Y,xyz
10,Guatemala,GTM,296.8585990991237,9.65857142857143,,1.9128571428571435,2.115714285714285,Y,xyz
80,Guinea,GIN,0.406940063091483,0.02,,,,Y,xyz
90,Guinea,GIN,1.141206310355436,0.042,,,,Y,xyz
00,Guinea,GIN,1.0164147709745692,0.11100000000000002,,,,Y,xyz
10,Guinea,GIN,4.241300185391166,0.15142857142857144,,,,Y,xyz
80,Guyana,GUY,25.0,0.58,,,,Y,xyz
90,Guyana,GUY,29.61061111111111,0.582,,,,Y,xyz
00,Guyana,GUY,33.35936507936508,0.594,,,,Y,xyz
10,Guyana,GUY,41.80430612244896,0.8200000000000001,,,,Y,xyz
80,Honduras,HND,10.2558139534884,2.51,,,0.5800000000000001,Y,xyz
90,Honduras,HND,67.56387229590283,2.696,,,0.5730000000000002,Y,xyz
00,Honduras,HND,112.61304186457266,2.537,,,0.5370000000000001,Y,xyz
10,Honduras,HND,143.9961680672267,4.42,,,0.5500000000000002,Y,xyz
80,Hungary,HUN,134.535813217254,2.41,2.5300000000000002,4.61,5.08,N,xyz
90,Hungary,HUN,74.91812678905583,1.327,2.0420000000000003,3.372,3.9909999999999997,N,xyz
00,Hungary,HUN,94.0728071107615,2.0629999999999997,2.221,3.474,4.029999999999999,N,xyz
10,Hungary,HUN,113.3761003819204,1.9714285714285715,2.801428571428572,4.328571428571428,4.757142857142857,N,xyz
80,Iceland,ISL,170.316176470588,0.02,,,,Y,xyz
90,Iceland,ISL,154.39506857078382,0.020999999999999998,,,,Y,xyz
00,Iceland,ISL,151.5462178239683,0.038,,,,Y,xyz
10,Iceland,ISL,169.06800158941215,0.027142857142857142,,0.0,,Y,xyz
80,India,IND,73.523024122257,0.44,,1.5,2.1200000000000006,Y,xyz
90,India,IND,90.72764493542124,0.341,,1.7879999999999998,2.4960000000000004,Y,xyz
00,India,IND,133.56562705133678,0.205,,2.05,2.7270000000000003,Y,xyz
10,India,IND,167.2568805085463,0.3157142857142857,,2.5014285714285713,3.0642857142857145,Y,xyz
80,Indonesia,IDN,123.478003258776,0.08,,,,Y,xyz
90,Indonesia,IDN,136.0585454527911,0.053000000000000005,,,,Y,xyz
00,Indonesia,IDN,154.8054417231641,0.04,,,,Y,xyz
10,Indonesia,IDN,219.71584074254912,0.032857142857142856,,,,Y,xyz
80,Iran,IRN,76.4318630678078,0.65,,1.3499999999999999,1.2800000000000002,Y,xyz
90,Iran,IRN,70.32435303801347,0.516,0.0,1.5819999999999999,1.6360000000000003,N,xyz
00,Iran,IRN,98.01415022763385,0.374,0.0,1.779,1.9380000000000002,N,xyz
10,Iran,IRN,53.3122395363362,0.28285714285714286,0.0,1.804285714285714,1.7828571428571431,N,xyz
80,Iraq,IRQ,41.4,0.13,,0.96,1.0100000000000002,Y,xyz
90,Iraq,IRQ,68.54996856708127,0.13399999999999998,,0.6220000000000001,0.6930000000000004,Y,xyz
00,Iraq,IRQ,61.34563697760827,0.19,,0.8539999999999999,1.3750000000000004,Y,xyz
10,Iraq,IRQ,36.09584140350781,0.07428571428571429,,1.4857142857142858,2.5871428571428576,Y,xyz
80,Ireland,IRL,665.033621517771,1.93,2.1899999999999995,5.92,8.5,N,xyz
90,Ireland,IRL,661.7577752302639,1.923,2.2179999999999995,6.058,7.976999999999999,N,xyz
00,Ireland,IRL,700.3527655631203,2.356,2.6049999999999995,6.534000000000001,8.43,N,xyz
10,Ireland,IRL,1181.5763545834002,4.367142857142857,3.144285714285714,6.771428571428571,8.317142857142857,N,xyz
80,Israel,ISR,299.125364431487,5.78,,0.5199999999999998,3.2,Y,xyz
90,Israel,ISR,305.1326638195331,6.198,,0.6309999999999999,1.953,Y,xyz
00,Israel,ISR,274.71294421137407,15.088,,1.2179999999999997,1.9490000000000003,Y,xyz
10,Israel,ISR,264.78045827004604,15.404285714285715,,2.1128571428571425,2.788571428571429,Y,xyz
80,Italy,ITA,215.754549489569,8.4,2.5699999999999994,3.6399999999999997,2.92,N,xyz
90,Italy,ITA,217.2474675384095,7.417,2.6259999999999994,3.728,3.35,N,xyz
00,Italy,ITA,162.4185795327771,7.87,2.7889999999999997,3.595,3.432,N,xyz
10,Italy,ITA,129.8081759622187,6.64,3.0871428571428567,3.7914285714285714,3.9428571428571426,N,xyz
80,Jamaica,JAM,160.504201680672,5.56,,,,Y,xyz
90,Jamaica,JAM,159.9361383976779,3.8899999999999997,,,,Y,xyz
00,Jamaica,JAM,85.38120291353394,2.648,,,,Y,xyz
10,Jamaica,JAM,74.08508333333332,2.89,,,,Y,xyz
80,Japan,JPN,385.486577181208,15.22,0.0,3.26,3.65,N,xyz
90,Japan,JPN,349.5780791278217,15.922,0.0,3.537,3.4219999999999997,N,xyz
00,Japan,JPN,313.5342165946273,13.797,,3.3049999999999997,3.8129999999999997,Y,xyz
10,Japan,JPN,250.852876968143,11.727142857142857,,2.8971428571428572,4.024285714285714,Y,xyz
80,Jordan,JOR,93.75,2.95,,0.8799999999999999,1.4499999999999997,Y,xyz
90,Jordan,JOR,98.59681494306668,2.98,,0.953,1.4729999999999996,Y,xyz
00,Jordan,JOR,201.87036215349926,4.769,,0.6939999999999998,1.0909999999999997,Y,xyz
10,Jordan,JOR,212.39628457396836,3.1699999999999995,,1.0157142857142856,1.3885714285714281,Y,xyz
82,Kazakhstan,KAZ,13.550135501355,0.49,0.8599999999999999,1.5100000000000002,1.33,N,xyz
92,Kazakhstan,KAZ,2.641468180806254,0.268,0.922,0.9880000000000001,0.874,N,xyz
02,Kazakhstan,KAZ,2.011642938354177,0.21400000000000002,0.9450000000000001,1.1670000000000003,1.059,N,xyz
12,Kazakhstan,KAZ,5.3457155002255,0.374,1.174,1.452,1.1620000000000001,N,xyz
80,Kenya,KEN,21.3827655310621,0.63,,1.82,1.6600000000000001,Y,xyz
90,Kenya,KEN,24.7720132527449,0.714,,2.0010000000000003,1.8219999999999998,Y,xyz
00,Kenya,KEN,31.6708334981518,0.274,,2.994,2.414,Y,xyz
10,Kenya,KEN,34.2567822451365,0.25,,3.125714285714286,1.9757142857142855,Y,xyz
82,Kuwait,KWT,200.0,2.8,,0.0,0.0,Y,xyz
92,Kuwait,KWT,168.38377289377289,2.7920000000000003,,0.0,0.0,Y,xyz
02,Kuwait,KWT,264.39602954449686,2.126,,0.0,0.0,Y,xyz
12,Kuwait,KWT,861.4308424471628,2.114,,0.0,0.0,Y,xyz
82,Kyrgyzstan,KGZ,24.2424242424242,1.74,1.0,2.35,2.7299999999999995,N,xyz
92,Kyrgyzstan,KGZ,20.112921706221844,0.9179999999999999,1.584,1.8400000000000003,2.226,N,xyz
02,Kyrgyzstan,KGZ,22.285873140532907,0.546,2.39875,1.9620000000000002,2.1659999999999995,N,xyz
12,Kyrgyzstan,KGZ,18.0436286919933,0.346,2.6079999999999997,1.9920000000000002,2.258,N,xyz
82,Latvia,LVA,99.5260663507109,0.59,2.2500000000000004,1.2399999999999998,2.58,N,xyz
92,Latvia,LVA,46.261645823519174,0.313,1.9570000000000003,1.7859999999999996,2.507,N,xyz
02,Latvia,LVA,69.63198791030928,0.7859999999999999,2.6180000000000003,2.3449999999999998,3.3909999999999996,N,xyz
12,Latvia,LVA,102.8433759194834,1.178,3.688,3.322,4.351999999999999,N,xyz
80,Lebanon,LBN,138.79781420765,4.0,,1.7699999999999998,1.9699999999999998,Y,xyz
90,Lebanon,LBN,283.6075754093211,4.853,,1.7879999999999998,2.225,Y,xyz
00,Lebanon,LBN,223.6532200602359,6.7540000000000004,,1.8569999999999998,2.787,Y,xyz
10,Lebanon,LBN,274.71261956709975,7.068571428571429,,2.517142857142857,3.2785714285714285,Y,xyz
80,Libya,LBY,42.9916897506925,1.27,,0.48,1.23,Y,xyz
90,Libya,LBY,41.078469218132646,1.241,,0.4790000000000001,0.8789999999999999,Y,xyz
00,Libya,LBY,31.805433916144473,0.9189999999999999,,0.49000000000000005,0.7769999999999999,Y,xyz
10,Libya,LBY,22.294382774202543,0.3,,0.5057142857142857,0.7742857142857142,Y,xyz
82,Lithuania,LTU,54.0727902946274,0.47,2.09,1.5599999999999996,2.9400000000000004,N,xyz
92,Lithuania,LTU,55.999187075834605,0.316,1.991,2.159,2.805,N,xyz
02,Lithuania,LTU,99.86963249030887,0.944,2.3120000000000003,2.7969999999999997,3.7560000000000002,N,xyz
12,Lithuania,LTU,123.38637283304278,1.264,2.3600000000000003,3.586,4.658,N,xyz
92,Luxembourg,LUX,267.467741935484,2.45,6.38,5.41,5.969999999999999,N,xyz
02,Luxembourg,LUX,276.669188494141,2.444,5.85,5.331,6.113999999999999,N,xyz
12,Luxembourg,LUX,249.070456077286,2.336,5.576,5.406000000000001,5.869999999999999,N,xyz
80,Madagascar,MDG,3.99080882352941,0.04,,,1.9999999999999996,Y,xyz
90,Madagascar,MDG,3.6118585913714165,0.03,,,2.3149999999999995,Y,xyz
00,Madagascar,MDG,3.09554102259887,0.038,,,2.3679999999999994,Y,xyz
10,Madagascar,MDG,7.326218095238102,0.12714285714285714,,,2.397142857142857,Y,xyz
80,Malawi,MWI,21.3333333333333,0.07,,,0.77,Y,xyz
90,Malawi,MWI,22.65069093748125,0.066,,,0.6329999999999999,Y,xyz
00,Malawi,MWI,31.496754723742516,0.099,,,1.1960000000000002,Y,xyz
10,Malawi,MWI,32.35826309523809,0.4628571428571429,,,1.3271428571428572,Y,xyz
80,Malaysia,MYS,977.32645604986,6.08,,,,Y,xyz
90,Malaysia,MYS,1279.291860578772,5.936999999999999,,,,Y,xyz
00,Malaysia,MYS,1627.048674938902,6.574,,,,Y,xyz
10,Malaysia,MYS,2168.5629078384486,7.197142857142857,,,,Y,xyz
80,Mali,MLI,7.40379931807112,0.12,,,0.0,Y,xyz
90,Mali,MLI,9.07305471301687,0.024,,,0.0,Y,xyz
00,Mali,MLI,15.760425726752974,0.004,,,0.0,Y,xyz
10,Mali,MLI,19.92612700444519,0.0,,,0.0,Y,xyz
80,Mauritius,MUS,282.989795918367,8.55,,,,Y,xyz
90,Mauritius,MUS,346.2471157642019,5.686999999999999,,,,Y,xyz
00,Mauritius,MUS,275.1431384158288,8.687999999999999,,,,Y,xyz
10,Mauritius,MUS,256.31750913823015,9.95142857142857,,,,Y,xyz
80,Mexico,MEX,82.8412179280483,1.12,0.0,1.87,4.21,N,xyz
90,Mexico,MEX,72.57042286165543,1.064,0.0,2.086,4.254,N,xyz
00,Mexico,MEX,70.11433000111379,1.3800000000000001,0.0,2.5620000000000003,4.634,N,xyz
10,Mexico,MEX,94.03234128290376,2.025714285714286,0.0,2.602857142857143,4.6499999999999995,N,xyz
82,Moldova,MDA,77.6497695852535,1.32,2.02,3.3,3.2900000000000005,N,xyz
92,Moldova,MDA,30.095236059006407,1.241,1.784,2.0989999999999993,2.6980000000000004,N,xyz
02,Moldova,MDA,10.938711033299805,1.201,1.429,1.6669999999999994,2.3210000000000006,N,xyz
12,Moldova,MDA,34.26609174281344,1.412,2.6439999999999997,2.54,3.1640000000000006,N,xyz
80,Morocco,MAR,40.1975422074193,0.99,0.8300000000000001,0.8900000000000001,1.3299999999999996,N,xyz
90,Morocco,MAR,35.43803577276841,1.184,0.9630000000000001,0.8140000000000001,1.1079999999999997,N,xyz
00,Morocco,MAR,54.71078840312462,1.542,0.7930000000000001,0.9460000000000001,1.4899999999999998,N,xyz
10,Morocco,MAR,62.6256388077261,1.4828571428571427,0.6571428571428574,1.0885714285714287,1.821428571428571,N,xyz
80,Mozambique,MOZ,0.753623188405797,0.03,,,1.8000000000000003,Y,xyz
90,Mozambique,MOZ,1.9178621193531558,0.02,,,1.1600000000000006,Y,xyz
00,Mozambique,MOZ,4.757990917028996,0.11400000000000002,,,1.1690000000000005,Y,xyz
10,Mozambique,MOZ,5.75857623261694,0.13,,,1.1742857142857146,Y,xyz
80,Myanmar,MMR,7.89505592139647,0.02,,,0.9500000000000002,Y,xyz
90,Myanmar,MMR,15.119350964127884,0.024,,,0.9680000000000003,Y,xyz
00,Myanmar,MMR,9.588392881400143,0.158,,,1.4860000000000004,Y,xyz
10,Myanmar,MMR,20.757410630460242,0.61,,,1.735714285714286,Y,xyz
88,Namibia,NAM,0.122549019607843,0.07,,,4.55,Y,xyz
98,Namibia,NAM,1.713112474525832,0.07,,,4.418,Y,xyz
08,Namibia,NAM,12.258447222222223,0.07,,,4.55,Y,xyz
80,Nepal,NPL,31.2497845199104,0.03,,0.9299999999999997,1.4099999999999997,Y,xyz
90,Nepal,NPL,39.44418722306079,0.033999999999999996,,0.998,1.5099999999999998,Y,xyz
00,Nepal,NPL,11.603562285215366,0.084,,1.0710000000000002,2.045,Y,xyz
10,Nepal,NPL,56.94698764417888,0.21714285714285714,,1.1842857142857146,2.4199999999999995,Y,xyz
80,Netherlands,NLD,637.770193401593,10.7,4.18,5.42,7.65,N,xyz
90,Netherlands,NLD,570.9365177173598,11.178999999999998,5.187,5.9719999999999995,8.137,N,xyz
00,Netherlands,NLD,347.6394001405463,9.742,4.694,6.083,8.241,N,xyz
10,Netherlands,NLD,266.3789782934224,9.01142857142857,3.875714285714286,6.818571428571429,8.322857142857144,N,xyz
80,New Caledonia,NCL,200.0,1.88,,,0.0,Y,xyz
90,New Caledonia,NCL,175.55555555555583,2.189,,,0.0,Y,xyz
00,New Caledonia,NCL,239.5924369747899,2.692,,,0.0,Y,xyz
10,New Caledonia,NCL,242.17646147560043,1.8257142857142858,,,0.0,Y,xyz
80,New Zealand,NZL,129.716446124764,1.3,,4.64,4.88,Y,xyz
90,New Zealand,NZL,384.7017948585728,1.932,,5.2090000000000005,5.494,Y,xyz
00,New Zealand,NZL,1646.194032548389,8.384,,5.707,6.837999999999999,Y,xyz
10,New Zealand,NZL,1519.208205053577,8.207142857142857,,6.132857142857143,6.87,Y,xyz
80,Nicaragua,NIC,30.7769230769231,0.38,,,,Y,xyz
90,Nicaragua,NIC,20.61216104492723,1.103,,,,Y,xyz
00,Nicaragua,NIC,29.212774878998708,3.729,,,,Y,xyz
10,Nicaragua,NIC,55.66104615794995,2.5,,,,Y,xyz
80,Niger,NER,0.208318231243204,0.01,,,2.89,Y,xyz
90,Niger,NER,0.2804179466409288,0.001,,,2.4370000000000003,Y,xyz
00,Niger,NER,0.3775222703849221,0.0,,,1.6810000000000003,Y,xyz
10,Niger,NER,0.6023877485076635,0.0,,,2.282857142857143,Y,xyz
83,North Macedonia,MKD,12.4794745484401,0.99,1.0699999999999998,1.83,2.1399999999999997,N,xyz
93,North Macedonia,MKD,63.7179976186575,0.642,1.6109999999999995,2.3320000000000003,2.5709999999999997,N,xyz
03,North Macedonia,MKD,61.087952455561506,0.304,2.2279999999999998,2.886,3.0789999999999997,N,xyz
13,North Macedonia,MKD,71.7612741951473,0.215,2.2874999999999996,2.96,3.2749999999999995,N,xyz
80,Norway,NOR,243.709302325581,1.37,2.62,4.15,4.66,N,xyz
90,Norway,NOR,225.1470197975911,0.826,3.3240000000000003,3.45,4.346,N,xyz
00,Norway,NOR,205.27896129104192,0.787,3.6629999999999994,3.6719999999999997,4.388,N,xyz
10,Norway,NOR,195.97922430817957,0.9214285714285715,3.6557142857142857,3.8985714285714286,4.634285714285714,N,xyz
80,Oman,OMN,270.828571428571,0.35,,,2.38,Y,xyz
90,Oman,OMN,242.4072914349278,1.6190000000000002,,,2.536,Y,xyz
00,Oman,OMN,519.9758817976816,2.1420000000000003,,0.0,3.2039999999999997,Y,xyz
10,Oman,OMN,456.7263951414447,4.631428571428572,,0.0,3.834285714285715,Y,xyz
80,Pakistan,PAK,63.6268571428571,0.18,,0.8499999999999996,1.8199999999999998,Y,xyz
90,Pakistan,PAK,79.4770412633001,0.4,,0.9829999999999999,2.072,Y,xyz
00,Pakistan,PAK,117.30297789656723,0.23700000000000002,,0.9359999999999999,2.4839999999999995,Y,xyz
10,Pakistan,PAK,135.85075350766698,0.012857142857142857,,0.9271428571428569,2.8057142857142856,Y,xyz
80,Panama,PAN,77.4789579158317,5.05,,,,Y,xyz
90,Panama,PAN,65.9742364256469,4.090999999999999,,,,Y,xyz
00,Panama,PAN,44.10251736927064,3.311,,,,Y,xyz
10,Panama,PAN,62.95606068268016,2.935714285714286,,,,Y,xyz
80,Papua New Guinea,PNG,64.0625,0.16,,,,Y,xyz
90,Papua New Guinea,PNG,60.13773058782549,0.158,,,,Y,xyz
00,Papua New Guinea,PNG,69.22267550661891,0.122,,,,Y,xyz
10,Papua New Guinea,PNG,105.76738095238086,0.11,,,,Y,xyz
80,Paraguay,PRY,8.49431279620853,1.54,,,1.6600000000000001,Y,xyz
90,Paraguay,PRY,15.073170553295986,3.018,,,1.6940000000000004,Y,xyz
00,Paraguay,PRY,67.23589239507994,4.298,,,2.1050000000000004,Y,xyz
10,Paraguay,PRY,102.60580064128223,4.327142857142857,,,2.185714285714286,Y,xyz
80,Peru,PER,30.0731428571429,0.33,0.41999999999999993,0.9500000000000002,1.08,N,xyz
90,Peru,PER,44.608877990404224,0.337,0.8709999999999998,1.103,1.2270000000000003,N,xyz
00,Peru,PER,84.3790650095309,0.742,0.9269999999999999,1.279,1.3540000000000003,N,xyz
10,Peru,PER,118.10604979367352,1.5957142857142856,1.0357142857142856,1.4757142857142858,1.5114285714285718,N,xyz
80,Poland,POL,107.130942452043,0.37,2.61,3.5900000000000003,3.96,N,xyz
90,Poland,POL,102.50030592932464,0.5820000000000001,2.2849999999999997,2.9240000000000004,3.399,N,xyz
00,Poland,POL,147.7537023136239,1.168,2.4379999999999997,3.1630000000000003,3.886,N,xyz
10,Poland,POL,176.2869799977986,2.06,2.837142857142857,3.681428571428572,4.53,N,xyz
80,Portugal,PRT,118.77133105802,2.99,1.0200000000000005,1.18,1.43,N,xyz
90,Portugal,PRT,121.36062097656679,4.306,0.8719999999999999,1.3579999999999999,1.553,N,xyz
00,Portugal,PRT,167.53553278590192,7.702,0.916,1.64,1.5379999999999998,N,xyz
10,Portugal,PRT,175.74722633423173,6.17,0.87,1.8785714285714283,1.7914285714285714,N,xyz
80,Qatar,QAT,138.0,0.27,,0.0,0.0,Y,xyz
90,Qatar,QAT,172.52820512820526,1.2710000000000001,,0.0,0.0,Y,xyz
00,Qatar,QAT,135.356793344009,4.430000000000001,,0.0,0.0,Y,xyz
10,Qatar,QAT,163.1245936240297,4.0,,0.0,0.0,Y,xyz
80,Romania,ROU,128.306878306878,2.52,2.0200000000000005,3.58,3.2399999999999998,N,xyz
90,Romania,ROU,42.69993810276999,1.701,1.671,2.61,2.517,N,xyz
00,Romania,ROU,43.87196403159993,0.748,2.1450000000000005,2.445,2.627,N,xyz
10,Romania,ROU,56.06355186614949,0.7271428571428571,2.4600000000000004,3.3428571428571425,3.7199999999999998,N,xyz
82,Russia,RUS,41.7398945518453,0.19,1.83,1.85,1.9000000000000001,N,xyz
92,Russia,RUS,13.667084124970302,0.203,1.555,1.5999999999999999,1.666,N,xyz
02,Russia,RUS,13.981290088732669,0.21000000000000002,1.7429999999999999,1.9769999999999999,2.0380000000000003,N,xyz
12,Russia,RUS,17.375371766311282,0.21000000000000002,1.908,2.232,2.588,N,xyz
80,Rwanda,RWA,3.39659090909091,0.13,,,1.1799999999999997,Y,xyz
90,Rwanda,RWA,0.771952585522439,0.145,,,0.96875,Y,xyz
00,Rwanda,RWA,3.2139760280045877,0.28300000000000003,,,0.9279999999999999,Y,xyz
10,Rwanda,RWA,10.054170350091741,1.1742857142857144,,,1.6300000000000001,Y,xyz
80,Saint Kitts and Nevis,KNA,110.25,1.09,,,,Y,xyz
90,Saint Kitts and Nevis,KNA,210.2761904761905,1.3450000000000002,,,,Y,xyz
00,Saint Kitts and Nevis,KNA,36.0010202691456,2.623,,,,Y,xyz
10,Saint Kitts and Nevis,KNA,8.839142857142857,0.6728571428571428,,,,Y,xyz
92,Samoa,WSM,0.769230769230769,0.41,,,,Y,xyz
02,Samoa,WSM,2.698497337542906,1.514,,,,Y,xyz
12,Samoa,WSM,0.4793916837629406,3.054,,,,Y,xyz
80,Saudi Arabia,SAU,144.247787610619,0.29,,3.09,4.65,Y,xyz
90,Saudi Arabia,SAU,105.92423544622523,0.45,,3.09,4.431,Y,xyz
00,Saudi Arabia,SAU,94.25588494637107,1.0870000000000002,,3.09,4.66,Y,xyz
10,Saudi Arabia,SAU,78.99192736808179,1.5085714285714287,,3.09,4.660000000000001,Y,xyz
80,Senegal,SEN,3.80012936610608,0.12,,,,Y,xyz
90,Senegal,SEN,7.901733312202197,0.14,,,,Y,xyz
00,Senegal,SEN,7.629140136324898,0.15,,,,Y,xyz
10,Senegal,SEN,14.626152597402594,0.20428571428571426,,,,Y,xyz
89,Seychelles,SYC,23.0,4.69,,,,Y,xyz
99,Seychelles,SYC,28.666666666666668,5.234444444444445,,,,Y,xyz
09,Seychelles,SYC,444.2444444444444,11.66375,,,,Y,xyz
83,Slovakia,SVK,61.6869398207426,2.41,3.0300000000000002,3.3300000000000005,3.8500000000000005,N,xyz
93,Slovakia,SVK,73.46991212054138,1.9129999999999998,2.644,3.2120000000000006,4.014,N,xyz
03,Slovakia,SVK,89.65476197267796,1.133,3.009,3.5450000000000004,4.154000000000001,N,xyz
13,Slovakia,SVK,119.22980561109449,1.2575,3.51,4.815,5.3875,N,xyz
82,Slovenia,SVN,316.775,5.55,2.5900000000000003,3.2600000000000002,4.19,N,xyz
92,Slovenia,SVN,400.46600713706005,5.444,2.8500000000000005,3.5120000000000005,4.274,N,xyz
02,Slovenia,SVN,302.2204642700773,5.755,3.043,3.907000000000001,4.494000000000001,N,xyz
12,Slovenia,SVN,260.00619457155597,4.394,3.886,4.614,4.982,N,xyz
80,South Africa,ZAF,61.334921875,1.27,0.04999999999999982,2.38,1.0899999999999999,N,xyz
90,South Africa,ZAF,57.02179143745097,1.46,0.09999999999999964,1.738,1.972,N,xyz
00,South Africa,ZAF,57.337133136712644,1.998,0.6309999999999998,2.548,2.585,N,xyz
10,South Africa,ZAF,63.27660554308984,2.16,1.0728571428571425,2.8300000000000005,3.472857142857143,N,xyz
80,South Korea,KOR,490.374807987711,11.89,0.0,3.6300000000000003,3.02,N,xyz
90,South Korea,KOR,512.1672934810683,12.873,0.0,2.809,3.498,N,xyz
00,South Korea,KOR,391.40033021109514,13.581999999999999,0.0,2.8600000000000003,3.396,N,xyz
10,South Korea,KOR,346.73374238180105,11.427142857142856,0.0,2.4800000000000004,3.352857142857143,N,xyz
80,Spain,ESP,128.849103358331,1.96,1.3199999999999998,2.1500000000000004,2.38,N,xyz
90,Spain,ESP,141.6442246205295,1.7280000000000002,1.541,2.399,2.38,N,xyz
00,Spain,ESP,144.95436561310098,2.27,1.77,2.681,2.854,N,xyz
10,Spain,ESP,141.58753220798116,3.325714285714286,1.9714285714285713,2.778571428571429,3.025714285714286,N,xyz
80,Sri Lanka,LKA,190.158888888889,0.83,,,,Y,xyz
90,Sri Lanka,LKA,240.8549450523264,0.908,,,,Y,xyz
00,Sri Lanka,LKA,277.4474612953826,0.783,,,,Y,xyz
10,Sri Lanka,LKA,208.21541244341188,0.6671428571428571,,,,Y,xyz
02,Sudan,SDN,3.32788732905066,0.12,,,1.73,Y,xyz
12,Sudan,SDN,5.93939745932549,0.12,,,2.504,Y,xyz
80,Suriname,SUR,17.5438596491228,3.19,,,,Y,xyz
90,Suriname,SUR,85.77894736842103,2.5309999999999997,,,,Y,xyz
00,Suriname,SUR,179.85242839198185,6.647,,,,Y,xyz
10,Suriname,SUR,204.052757718181,10.654285714285715,,,,Y,xyz
80,Sweden,SWE,115.543118620204,0.81,4.16,4.32,5.23,N,xyz
90,Sweden,SWE,109.7065106202298,0.575,4.131,3.9120000000000004,5.23,N,xyz
00,Sweden,SWE,90.27552854921947,0.775,4.16,4.134,5.23,N,xyz
10,Sweden,SWE,90.76558908574826,0.6642857142857144,4.16,4.32,5.2299999999999995,N,xyz
80,Switzerland,CHE,415.902898191727,5.34,5.05,5.71,5.640000000000001,N,xyz
90,Switzerland,CHE,314.3104072299323,4.08,5.809,5.854,5.885,N,xyz
00,Switzerland,CHE,217.9199634589686,3.961,5.851,6.093,5.761,N,xyz
10,Switzerland,CHE,201.3391599891303,4.9557142857142855,5.815714285714286,6.304285714285713,5.751428571428571,N,xyz
80,Syria,SYR,62.2661207778915,0.15,,0.31000000000000005,1.54,Y,xyz
90,Syria,SYR,72.1460899777737,0.20400000000000001,,0.5979999999999999,2.161,Y,xyz
00,Syria,SYR,72.00903951392873,0.254,,0.5539999999999999,2.4459999999999997,Y,xyz
10,Syria,SYR,15.484655667347896,0.25,,0.6842857142857142,2.1128571428571425,Y,xyz
82,Tajikistan,TJK,148.837209302326,2.31,0.9899999999999998,0.75,0.9099999999999993,N,xyz
92,Tajikistan,TJK,52.069791087023226,0.7779999999999999,0.8109999999999997,0.807,1.1279999999999997,N,xyz
02,Tajikistan,TJK,16.407370097463975,0.29100000000000004,1.5309999999999997,1.453,2.3329999999999997,N,xyz
12,Tajikistan,TJK,19.179746111709143,0.306,1.9619999999999997,1.748,3.04,N,xyz
80,Tanzania,TZA,5.2,0.0,,1.77,2.0400000000000005,Y,xyz
90,Tanzania,TZA,3.86193500452231,0.013000000000000001,,2.018,1.2870000000000004,Y,xyz
00,Tanzania,TZA,5.157905272044529,0.0,,2.1390000000000002,1.7660000000000005,Y,xyz
10,Tanzania,TZA,10.009942026523344,0.0,,1.662857142857143,1.0800000000000003,Y,xyz
80,Thailand,THA,59.665656796616,0.91,,0.0,0.6099999999999999,Y,xyz
90,Thailand,THA,87.16250900139025,1.05,,0.0,0.6589999999999998,Y,xyz
00,Thailand,THA,128.3723335716793,2.945,,0.0,0.7839999999999999,Y,xyz
10,Thailand,THA,156.91398191022944,1.907142857142857,,0.0,1.0328571428571427,Y,xyz
80,Togo,TGO,5.47619047619048,0.15,,,,Y,xyz
90,Togo,TGO,6.512155306306281,0.096,,,,Y,xyz
00,Togo,TGO,3.8420058639880823,0.127,,,,Y,xyz
10,Togo,TGO,7.3689562860210875,0.27285714285714285,,,,Y,xyz
92,Tonga,TON,0.0,0.43,,,,Y,xyz
02,Tonga,TON,4.698118872549019,0.414,,,,Y,xyz
12,Tonga,TON,9.049019883040936,0.47800000000000004,,,,Y,xyz
80,Tunisia,TUN,28.8415262976968,0.19,,0.9400000000000002,1.27,Y,xyz
90,Tunisia,TUN,34.56112643920212,0.185,,0.9330000000000002,1.3860000000000001,Y,xyz
00,Tunisia,TUN,42.83214766410672,0.194,,1.0200000000000002,1.798,Y,xyz
10,Tunisia,TUN,46.39914258413031,0.19571428571428573,,1.0242857142857145,1.7871428571428574,Y,xyz
80,Turkey,TUR,76.5821398141762,1.08,1.52,2.1999999999999997,2.12,N,xyz
90,Turkey,TUR,78.63385075859273,1.0779999999999998,1.6219999999999999,2.1929999999999996,2.056,N,xyz
00,Turkey,TUR,85.6761440234394,1.359,2.004,2.3819999999999997,2.277,N,xyz
10,Turkey,TUR,112.09041112501983,1.832857142857143,2.7857142857142856,2.6814285714285715,2.7214285714285715,N,xyz
80,Uganda,UGA,0.0384,0.01,,,2.0000000000000004,Y,xyz
90,Uganda,UGA,0.4530590082614485,0.01,,,1.7900000000000003,Y,xyz
00,Uganda,UGA,1.5639219525156653,0.01,,,1.7110000000000003,Y,xyz
10,Uganda,UGA,1.9598610267337655,0.01,,,1.5614285714285716,Y,xyz
82,Ukraine,UKR,80.6906060787723,1.94,2.3200000000000003,2.9499999999999997,3.0900000000000003,N,xyz
92,Ukraine,UKR,20.63935640108528,1.166,1.8710000000000004,2.2369999999999997,2.8040000000000003,N,xyz
02,Ukraine,UKR,27.16108670939459,1.316,1.9190000000000005,2.159,2.942,N,xyz
12,Ukraine,UKR,49.656338857486624,2.372,2.6300000000000003,2.9819999999999998,3.9200000000000004,N,xyz
80,United Kingdom,GBR,360.725075528701,4.41,4.88,5.21,6.97,N,xyz
90,United Kingdom,GBR,343.7822751341857,5.409000000000001,5.286,5.593999999999999,7.557,N,xyz
00,United Kingdom,GBR,279.07798312068206,4.441,5.413,5.754,7.770999999999999,N,xyz
10,United Kingdom,GBR,244.20871960015987,2.954285714285714,3.9457142857142857,6.008571428571429,7.775714285714286,N,xyz
80,United States,USA,100.441282287425,2.14,1.6999999999999997,3.0199999999999996,2.66,N,xyz
90,United States,USA,108.9004081212355,2.295,1.7149999999999999,3.1599999999999997,2.614,N,xyz
00,United States,USA,116.5948915166025,2.354,1.6889999999999996,3.401,2.818,N,xyz
10,United States,USA,131.05713178110156,2.5500000000000003,1.7985714285714285,3.747142857142857,3.108571428571428,N,xyz
80,Uruguay,URY,57.9242546333602,1.37,,1.88,1.85,Y,xyz
90,Uruguay,URY,76.04527055080827,2.106,,2.167,2.2369999999999997,Y,xyz
00,Uruguay,URY,115.8894406375917,6.0920000000000005,,2.599,2.557,Y,xyz
10,Uruguay,URY,173.286754597449,7.394285714285714,,2.5728571428571425,3.1357142857142857,Y,xyz
80,Venezuela,VEN,153.248587570621,0.5,,,0.33999999999999986,Y,xyz
90,Venezuela,VEN,108.61771274107839,1.113,,,1.0380000000000003,Y,xyz
00,Venezuela,VEN,139.88111612627682,1.176,,,2.9650000000000003,Y,xyz
10,Venezuela,VEN,189.85819120879142,1.19,,,2.985714285714286,Y,xyz
80,Vietnam,VNM,104.940812886308,3.28,,,,Y,xyz
90,Vietnam,VNM,242.2630183766809,3.247,,,,Y,xyz
00,Vietnam,VNM,348.15988167797633,2.055,,,,Y,xyz
10,Vietnam,VNM,422.93685529633615,1.7871428571428571,,,,Y,xyz
80,World,OWID_WRL,101.95271627048,1.54,2.2700000000000005,2.42,2.5599999999999996,N,xyz
90,World,OWID_WRL,98.85663989030903,1.814,2.0860000000000003,2.317,2.5949999999999998,N,xyz
00,World,OWID_WRL,117.2021418968043,2.315,2.4010000000000002,2.573,2.8699999999999997,N,xyz
10,World,OWID_WRL,136.106176669567,2.65,2.8714285714285714,2.9185714285714286,3.298571428571428,N,xyz
80,Yemen,YEM,14.7465528562049,0.44,,1.05,1.58,Y,xyz
90,Yemen,YEM,9.318771836789532,0.518,,1.1380000000000001,1.5090000000000001,Y,xyz
00,Yemen,YEM,11.724909465033566,0.43,,0.799,1.477,Y,xyz
10,Yemen,YEM,16.50301100657679,0.07714285714285715,,0.7214285714285715,1.6971428571428573,Y,xyz
80,Zambia,ZMB,20.5811138014528,0.37,,0.7200000000000002,4.390000000000001,Y,xyz
90,Zambia,ZMB,19.98573938934604,0.457,,0.8690000000000001,4.5040000000000004,Y,xyz
00,Zambia,ZMB,27.5127986565926,0.394,,0.9490000000000001,4.57,Y,xyz
10,Zambia,ZMB,53.595569482264196,0.18571428571428572,,1.0142857142857142,4.57,Y,xyz
80,Zimbabwe,ZWE,57.6237113402062,1.9,,2.79,4.65,Y,xyz
90,Zimbabwe,ZWE,49.69082311777027,0.9099999999999999,,2.79,4.65,Y,xyz
00,Zimbabwe,ZWE,30.67583703608434,0.787,,2.79,3.4690000000000003,Y,xyz
10,Zimbabwe,ZWE,25.99619047619047,0.62,,2.79,2.2,Y,xyz
