symbol,isin,trade_date,exchange,segment,series,trade_type,auction,quantity,price,trade_id,order_id,order_execution_time
AXIS NIFTY 100 INDEX FUND - DIRECT PLAN,INF846K01S29,2025-01-01,BSE,MF,,buy,false,317.995000,21.697400,1579381256,1579381256,2025-01-01T00:00:00
EDELWEISS SMALL CAP FUND - DIRECT PLAN,INF754K01JN6,2025-01-01,BSE,MF,,buy,false,40.206000,49.741000,1579459802,1579459802,2025-01-01T00:00:00
HDFC NIFTY500 MULTICAP 50 25 25 INDEX FUND - DIRECT PLAN,INF179KC1IO9,2025-01-01,BSE,MF,,buy,false,712.797000,9.679700,1579356244,1579356244,2025-01-01T00:00:00
PARAG PARIKH FLEXI CAP FUND - DIRECT PLAN,INF879O01027,2025-01-01,BSE,MF,,buy,false,57.988000,87.945600,1579518092,1579518092,2025-01-01T00:00:00
QUANT MOMENTUM FUND - DIRECT PLAN,INF966L01CZ3,2025-01-01,BSE,MF,,buy,false,146.439000,14.339800,1579490960,1579490960,2025-01-01T00:00:00
AXIS NIFTY 100 INDEX FUND - DIRECT PLAN,INF846K01S29,2025-02-03,BSE,MF,,buy,false,326.953000,21.102900,1646149582,1646149582,2025-02-03T00:00:00
EDELWEISS SMALL CAP FUND - DIRECT PLAN,INF754K01JN6,2025-02-03,BSE,MF,,buy,false,43.895000,45.561000,1646233258,1646233258,2025-02-03T00:00:00
HDFC NIFTY500 MULTICAP 50 25 25 INDEX FUND - DIRECT PLAN,INF179KC1IO9,2025-02-03,BSE,MF,,buy,false,762.217000,9.052100,1646110453,1646110453,2025-02-03T00:00:00
PARAG PARIKH FLEXI CAP FUND - DIRECT PLAN,INF879O01027,2025-02-03,BSE,MF,,buy,false,58.364000,87.379000,1646265675,1646265675,2025-02-03T00:00:00
QUANT MOMENTUM FUND - DIRECT PLAN,INF966L01CZ3,2025-02-03,BSE,MF,,buy,false,152.880000,13.735600,1646221016,1646221016,2025-02-03T00:00:00
AXIS NIFTY 100 INDEX FUND - DIRECT PLAN,INF846K01S29,2025-03-03,BSE,MF,,buy,false,346.671000,19.902600,1705680565,1705680565,2025-03-03T00:00:00
EDELWEISS SMALL CAP FUND - DIRECT PLAN,INF754K01JN6,2025-03-03,BSE,MF,,buy,false,50.358000,39.714000,1705730543,1705730543,2025-03-03T00:00:00
HDFC NIFTY500 MULTICAP 50 25 25 INDEX FUND - DIRECT PLAN,INF179KC1IO9,2025-03-03,BSE,MF,,buy,false,829.306000,8.319800,1705662038,1705662038,2025-03-03T00:00:00
PARAG PARIKH FLEXI CAP FUND - DIRECT PLAN,INF879O01027,2025-03-03,BSE,MF,,buy,false,61.524000,82.891000,1705585491,1705585491,2025-03-03T00:00:00
QUANT MOMENTUM FUND - DIRECT PLAN,INF966L01CZ3,2025-03-03,BSE,MF,,buy,false,86.440000,12.725000,1705572942,1705572942,2025-03-03T00:00:00
AXIS NIFTY 100 INDEX FUND - DIRECT PLAN,INF846K01S29,2025-04-02,BSE,MF,,buy,false,326.565000,21.128000,1759295793,1759295793,2025-04-02T00:00:00
EDELWEISS SMALL CAP FUND - DIRECT PLAN,INF754K01JN6,2025-04-02,BSE,MF,,buy,false,118.720000,42.956000,1759439915,1759439915,2025-04-02T00:00:00
HDFC NIFTY500 MULTICAP 50 25 25 INDEX FUND - DIRECT PLAN,INF179KC1IO9,2025-04-02,BSE,MF,,buy,false,771.110000,8.947700,1759336001,1759336001,2025-04-02T00:00:00
PARAG PARIKH FLEXI CAP FUND - DIRECT PLAN,INF879O01027,2025-04-02,BSE,MF,,buy,false,59.915000,85.115900,1759243546,1759243546,2025-04-02T00:00:00
QUANT MOMENTUM FUND - DIRECT PLAN,INF966L01CZ3,2025-04-02,BSE,MF,,buy,false,79.973000,13.754000,1759134621,1759134621,2025-04-02T00:00:00
AXIS NIFTY 100 INDEX FUND - DIRECT PLAN,INF846K01S29,2025-05-02,BSE,MF,,buy,false,314.072000,21.968400,1820627729,1820627729,2025-05-02T00:00:00
EDELWEISS SMALL CAP FUND - DIRECT PLAN,INF754K01JN6,2025-05-02,BSE,MF,,buy,false,116.835000,43.649000,1820748742,1820748742,2025-05-02T00:00:00
HDFC NIFTY500 MULTICAP 50 25 25 INDEX FUND - DIRECT PLAN,INF179KC1IO9,2025-05-02,BSE,MF,,buy,false,749.076000,9.210900,1820645410,1820645410,2025-05-02T00:00:00
PARAG PARIKH FLEXI CAP FUND - DIRECT PLAN,INF879O01027,2025-05-02,BSE,MF,,buy,false,57.962000,87.984700,1820857887,1820857887,2025-05-02T00:00:00
QUANT MOMENTUM FUND - DIRECT PLAN,INF966L01CZ3,2025-05-02,BSE,MF,,buy,false,79.180000,13.891800,1820746506,1820746506,2025-05-02T00:00:00
AXIS NIFTY 100 INDEX FUND - DIRECT PLAN,INF846K01S29,2025-06-02,BSE,MF,,buy,false,307.588000,22.431500,1881313720,1881313720,2025-06-02T00:00:00
EDELWEISS SMALL CAP FUND - DIRECT PLAN,INF754K01JN6,2025-06-02,BSE,MF,,buy,false,108.270000,47.102000,1881409489,1881409489,2025-06-02T00:00:00
HDFC NIFTY500 MULTICAP 50 25 25 INDEX FUND - DIRECT PLAN,INF179KC1IO9,2025-06-02,BSE,MF,,buy,false,709.644000,9.722700,1881243660,1881243660,2025-06-02T00:00:00
PARAG PARIKH FLEXI CAP FUND - DIRECT PLAN,INF879O01027,2025-06-02,BSE,MF,,buy,false,56.675000,89.982300,1881454838,1881454838,2025-06-02T00:00:00
QUANT MOMENTUM FUND - DIRECT PLAN,INF966L01CZ3,2025-06-02,BSE,MF,,buy,false,75.018000,14.662500,1881364500,1881364500,2025-06-02T00:00:00
AXIS NIFTY 100 INDEX FUND - DIRECT PLAN,INF846K01S29,2025-07-01,BSE,MF,,buy,false,297.284000,23.209000,1937678252,1937678252,2025-07-01T00:00:00
EDELWEISS SMALL CAP FUND - DIRECT PLAN,INF754K01JN6,2025-07-01,BSE,MF,,buy,false,102.840000,49.589000,1937528574,1937528574,2025-07-01T00:00:00
HDFC NIFTY500 MULTICAP 50 25 25 INDEX FUND - DIRECT PLAN,INF179KC1IO9,2025-07-01,BSE,MF,,buy,false,683.920000,10.088400,1937551222,1937551222,2025-07-01T00:00:00
PARAG PARIKH FLEXI CAP FUND - DIRECT PLAN,INF879O01027,2025-07-01,BSE,MF,,buy,false,55.026000,92.678600,1937803689,1937803689,2025-07-01T00:00:00
QUANT MOMENTUM FUND - DIRECT PLAN,INF966L01CZ3,2025-07-01,BSE,MF,,buy,false,73.328000,15.000500,1937746728,1937746728,2025-07-01T00:00:00
AXIS NIFTY 100 INDEX FUND - DIRECT PLAN,INF846K01S29,2025-08-01,BSE,MF,,buy,false,308.599000,22.358000,2004267347,2004267347,2025-08-01T00:00:00
EDELWEISS SMALL CAP FUND - DIRECT PLAN,INF754K01JN6,2025-08-01,BSE,MF,,buy,false,105.883000,48.164000,2004147143,2004147143,2025-08-01T00:00:00
HDFC NIFTY500 MULTICAP 50 25 25 INDEX FUND - DIRECT PLAN,INF179KC1IO9,2025-08-01,BSE,MF,,buy,false,712.753000,9.680300,2004237071,2004237071,2025-08-01T00:00:00
PARAG PARIKH FLEXI CAP FUND - DIRECT PLAN,INF879O01027,2025-08-01,BSE,MF,,buy,false,55.839000,91.330200,2004388192,2004388192,2025-08-01T00:00:00
QUANT MOMENTUM FUND - DIRECT PLAN,INF966L01CZ3,2025-08-01,BSE,MF,,buy,false,77.421000,14.207300,2004332403,2004332403,2025-08-01T00:00:00
AXIS NIFTY 100 INDEX FUND DIRECT GROWTH,INF846K01S29,2025-09-01,BSE,MF,,buy,false,307.202000,22.459700,2069633482,2069633482,2025-09-01T00:00:00
EDELWEISS SMALL CAP FUND - DIRECT PLAN - GROWTH,INF754K01JN6,2025-09-01,BSE,MF,,buy,false,105.991000,48.115000,2069587026,2069587026,2025-09-01T00:00:00
HDFC NIFTY500 MULTICAP 50:25:25 INDEX FUND - DIRECT PLAN - GROWTH,INF179KC1IO9,2025-09-01,BSE,MF,,buy,false,712.047000,9.689900,2069603809,2069603809,2025-09-01T00:00:00
PARAG PARIKH FLEXI CAP FUND - DIRECT PLAN GROWTH,INF879O01027,2025-09-01,BSE,MF,,buy,false,55.722000,91.520700,2069759884,2069759884,2025-09-01T00:00:00
QUANT MOMENTUM FUND - DIRECT PLAN GROWTH - GROWTH,INF966L01CZ3,2025-09-01,BSE,MF,,buy,false,78.449000,14.021200,2069705108,2069705108,2025-09-01T00:00:00
AXIS NIFTY 100 INDEX FUND DIRECT GROWTH,INF846K01S29,2025-09-26,BSE,MF,,buy,false,488.682000,22.508400,2132215790,2132215790,2025-09-26T00:00:00
EDELWEISS SMALL CAP FUND - DIRECT PLAN - GROWTH,INF754K01JN6,2025-09-26,BSE,MF,,buy,false,230.761000,47.666000,2132223993,2132223993,2025-09-26T00:00:00
HDFC NIFTY500 MULTICAP 50:25:25 INDEX FUND - DIRECT PLAN - GROWTH,INF179KC1IO9,2025-09-26,BSE,MF,,buy,false,2376.921000,9.675900,2132223985,2132223985,2025-09-26T00:00:00
PARAG PARIKH FLEXI CAP FUND - DIRECT PLAN GROWTH,INF879O01027,2025-09-29,BSE,MF,,buy,false,227.350000,92.363800,2134678392,2134678392,2025-09-29T00:00:00
QUANT MOMENTUM FUND - DIRECT PLAN GROWTH - GROWTH,INF966L01CZ3,2025-09-29,BSE,MF,,buy,false,212.917000,14.089300,2134670194,2134670194,2025-09-29T00:00:00
AXIS NIFTY 100 INDEX FUND DIRECT GROWTH,INF846K01S29,2025-10-27,BSE,MF,,buy,false,464.861000,23.661800,2200072267,2200072267,2025-10-27T00:00:00
EDELWEISS SMALL CAP FUND - DIRECT PLAN - GROWTH,INF754K01JN6,2025-10-27,BSE,MF,,buy,false,223.294000,49.260000,2200078274,2200078274,2025-10-27T00:00:00
HDFC NIFTY500 MULTICAP 50:25:25 INDEX FUND - DIRECT PLAN - GROWTH,INF179KC1IO9,2025-10-27,BSE,MF,,buy,false,2267.796000,10.141500,2200078273,2200078273,2025-10-27T00:00:00
PARAG PARIKH FLEXI CAP FUND - DIRECT PLAN GROWTH,INF879O01027,2025-10-28,BSE,MF,,buy,false,219.882000,95.501200,2204849701,2204849701,2025-10-28T00:00:00
QUANT MOMENTUM FUND - DIRECT PLAN GROWTH - GROWTH,INF966L01CZ3,2025-10-28,BSE,MF,,buy,false,207.586000,14.451100,2204841405,2204841405,2025-10-28T00:00:00
AXIS NIFTY 100 INDEX FUND DIRECT GROWTH,INF846K01S29,2025-11-26,BSE,MF,,buy,false,461.611000,23.828400,2274019840,2274019840,2025-11-26T00:00:00
EDELWEISS SMALL CAP FUND - DIRECT PLAN - GROWTH,INF754K01JN6,2025-11-26,BSE,MF,,buy,false,223.748000,49.160000,2274019835,2274019835,2025-11-26T00:00:00
HDFC NIFTY500 MULTICAP 50:25:25 INDEX FUND - DIRECT PLAN - GROWTH,INF179KC1IO9,2025-11-26,BSE,MF,,buy,false,2266.477000,10.147400,2274019824,2274019824,2025-11-26T00:00:00
PARAG PARIKH FLEXI CAP FUND - DIRECT PLAN GROWTH,INF879O01027,2025-11-28,BSE,MF,,buy,false,242.088000,95.001900,2277323884,2277323884,2025-11-28T00:00:00
QUANT MOMENTUM FUND - DIRECT PLAN GROWTH - GROWTH,INF966L01CZ3,2025-11-28,BSE,MF,,buy,false,101.073000,14.840000,2277323883,2277323883,2025-11-28T00:00:00
